firm_id,year,x,treat,y
0,2010,0.3954537216110602,1,0.3079155520955504
0,2011,0.10345376303018398,1,-0.15773507259069589
0,2012,0.4352340229551493,1,0.3191014559018445
0,2013,-0.22671044427201192,1,-0.25866626714444535
0,2014,0.8851549602841845,1,1.2976014564673528
0,2015,-0.432911856305083,1,-0.46761144331455284
0,2016,0.2101904158731988,1,-0.3344659881977828
0,2017,-0.2958827966784601,1,-0.15874428029372192
0,2018,0.5408379689359822,1,-0.3560338919892674
0,2019,-0.06675166135775339,1,0.19436122116159207
0,2020,0.3303762040362619,1,0.40531688513666464
1,2010,0.038776738392094404,1,0.10031449831280649
1,2011,0.003761494226162432,0,0.31739722043345664
1,2012,-0.6512926204487114,1,-1.2442726927462118
1,2013,0.7571143942519317,1,1.118545867001937
1,2014,-0.1936129220320937,1,-0.4055306643351771
1,2015,0.15933471600757818,1,-0.3280595123604999
1,2016,-0.595716153410014,1,0.13583062723544606
1,2017,0.40815059537567716,1,0.455413819798457
1,2018,0.7481302873179713,1,0.19318360993015524
1,2019,0.23946628262648062,1,0.3657185756283379
1,2020,0.5918818496497702,1,0.12062689705225964
2,2010,0.2463131544465224,1,0.2676802792281057
2,2011,0.11349234736435343,1,-0.014131564867004976
2,2012,0.08261246174479929,1,0.09053474385663135
2,2013,-0.05960898436978479,1,3.1292085372169876e-05
2,2014,-0.32038180660384746,1,0.10665499279406891
2,2015,0.30592999541357124,1,0.557578018901899
2,2016,0.3740367449907385,1,0.40545725223697504
2,2017,-0.3709780231523184,1,1.2814858355320897
2,2018,-0.7187034501112705,1,-0.5958900518781683
2,2019,0.3309200140339984,1,0.6644128223764478
2,2020,-0.11859702977259018,1,0.050752908479057376
3,2010,0.05958645234559994,1,0.09013665102000837
3,2011,-0.381906093670479,1,-0.7027238345969592
3,2012,-0.006489325313243965,1,1.137648445067515
3,2013,-1.0307747796135258,1,-1.264326151575866
3,2014,0.12955662985577202,1,0.8852310832883661
3,2015,0.4649599907759994,1,0.43783283472926343
3,2016,-0.5811723294760802,0,-1.2915111488995294
3,2017,0.6054735199666356,1,0.7892711665597458
3,2018,0.47072900680963825,1,-0.18612581135993758
3,2019,0.6685126853787738,1,0.34022657231483
3,2020,1.540752726040127,1,1.581224649567937
4,2010,0.10700107374475176,1,0.7360595033389277
4,2011,-0.5667802027544087,1,-0.44306756804030156
4,2012,-0.028500159839283,1,0.29020258393775594
4,2013,-0.004484998654223539,1,-0.1997114765737557
4,2014,-0.17769647900525454,1,-0.0167623445750082
4,2015,0.3720781793490777,1,0.289271267900502
4,2016,0.5339802202481312,1,0.6804210298946355
4,2017,0.1600385266405494,1,0.5096575486258113
4,2018,0.45480805328684576,1,0.528165450438604
4,2019,-0.6388325173887927,1,0.5576432488833223
4,2020,0.21452532270832425,1,0.37691996060519345
5,2010,0.6918522702799231,1,0.760811019949639
5,2011,-1.278686748423857,1,-0.40854914470542464
5,2012,-0.1313070019856673,1,0.4922304934396212
5,2013,1.1639817462339443,1,1.8803653974950356
5,2014,-0.08668092232787512,1,-0.19558793614430298
5,2015,-0.11524622571575342,1,0.33457781588578905
5,2016,-0.03246561309482887,1,-0.09104661937954346
5,2017,0.8003883557238075,1,1.0627039885956449
5,2018,-0.09861549034537703,1,-0.011131546385021979
5,2019,0.2804100610434887,1,0.40068000954300664
5,2020,-0.430279174808247,1,0.4541686671332345
6,2010,0.1889226165181682,1,0.49213690697675433
6,2011,-0.05526311315931365,1,-0.9587836446623867
6,2012,0.25793740583801966,1,0.502088914844543
6,2013,0.22296105676106368,1,-0.029229699743168636
6,2014,0.2810498757780644,1,0.6869871382711398
6,2015,-0.03090096135312883,1,-0.02545717662125817
6,2016,-0.3121800453972305,1,-0.5630539489364746
6,2017,0.4183718253955831,1,1.683464771067563
6,2018,0.02339225568124018,1,-0.13791967482660145
6,2019,0.09481181719900757,1,1.1367830062671886
6,2020,0.3112942595180109,1,1.353287415828118
7,2010,0.05045979869206718,1,0.3809460654059313
7,2011,0.23541666667407496,1,0.36893698545719167
7,2012,-0.520136915450834,0,-0.7850223278391656
7,2013,-0.2744201269508243,1,0.15489452140011953
7,2014,0.3726670379013247,1,0.6432005598691564
7,2015,0.11899092020815424,1,0.46629642793399345
7,2016,0.20167559493717413,1,0.707239221261132
7,2017,0.6205859743152705,1,1.3638297018654164
7,2018,-0.3368307124819821,1,-0.4406659598368846
7,2019,-0.28798069734702003,1,0.7461805461383332
7,2020,-0.29163430760750914,1,-0.04089146750909404
8,2010,-0.12430235943692737,1,0.7484150312485349
8,2011,-0.4253872628571931,1,-0.18511862214181787
8,2012,-0.09240317370469191,1,-0.39114139303583223
8,2013,0.16910618985642717,1,1.224387920866152
8,2014,-0.046183625017056015,1,0.1725953960084961
8,2015,-0.10239665730996912,1,-0.08582436636192654
8,2016,-0.13809986034549573,1,0.34704600609239666
8,2017,-1.3651660768121634,0,-0.3634542930804581
8,2018,-0.6722812606685762,0,-0.7492770020789877
8,2019,0.39569576672396206,1,0.9617967885161761
8,2020,0.19563816891423436,1,1.1046604055676446
9,2010,0.007647926454426789,1,0.9824476097496014
9,2011,-0.35043480726608367,1,-0.012705338834068103
9,2012,0.16101237050446504,1,0.6024322126618813
9,2013,-0.3201319788750725,1,0.07316099421957178
9,2014,-0.6496094489082823,1,0.1947998268719723
9,2015,0.5389577424116391,1,0.9136292156579379
9,2016,0.030971642362054266,1,0.04253654224323966
9,2017,0.10569438575603049,1,0.46696632957592976
9,2018,0.010369354113710585,1,0.30354809822125856
9,2019,-0.1549408627428947,1,0.26106809847088397
9,2020,0.2701702442732134,1,0.5680709139587062
10,2010,0.5345086751922363,1,0.5013458059143182
10,2011,-0.10781296568895993,1,-0.2648025195366338
10,2012,-0.47614324488243914,1,0.2040533957083183
10,2013,0.1076161698052891,1,0.661922766264703
10,2014,-1.9521345028154369,1,-0.9468854726664231
10,2015,0.022932841674041016,1,-0.19968926802149775
10,2016,0.3992017448631651,1,0.016851488041297547
10,2017,0.24953664687941401,1,0.7351944536878481
10,2018,-0.21172665303837074,1,-0.19207559045496128
10,2019,-0.3969426332395305,1,0.2597581325173837
10,2020,-0.21533652241662887,1,0.2918306435780427
11,2010,0.3402177112894771,1,-0.23896481458773086
11,2011,-0.32746202319524204,1,-0.002484149743254636
11,2012,0.7204696233161335,1,0.5134937750507064
11,2013,0.32742077352038196,1,0.41558492625006344
11,2014,0.825130393559429,1,1.1284532549761774
11,2015,-0.24655311111163491,1,0.3960926399884741
11,2016,0.38161827402267495,1,-0.08628437270783436
11,2017,0.24217178579533818,1,1.083238353370758
11,2018,0.7771268405242268,1,1.309050253735917
11,2019,0.11854697167499759,1,0.41162665316355307
11,2020,0.22281359938523415,0,-0.1102909828520381
12,2010,-0.04430182159939734,1,-0.21525086308978772
12,2011,-0.10611009141979803,1,0.5538302883203358
12,2012,0.28729063734337484,1,0.5689185201704897
12,2013,0.6052704224267338,1,0.3890104157670007
12,2014,-0.4260194462853969,1,-0.31078871582110046
12,2015,-0.010500857543214503,1,0.8639493383206392
12,2016,0.0016510568831930399,1,0.47789975684311137
12,2017,-0.707032586664222,1,-1.0083465219961063
12,2018,0.9072230413597063,1,1.75240645560309
12,2019,-0.603326895321941,1,0.13549150096180407
12,2020,0.39555931217008417,1,0.08230220444687182
13,2010,-0.6104638515575889,1,-0.10314413975296947
13,2011,-0.2622938957825191,1,-0.7150828461393942
13,2012,-0.5760472517771854,1,-0.17962992270394162
13,2013,-0.08549683068436038,1,-0.4618186881982121
13,2014,-0.6459905608366812,1,-0.45222450932681335
13,2015,-0.28498713705588896,1,0.49108119304170794
13,2016,-0.225363231725642,1,0.1995247123291961
13,2017,-1.1532217227571926,1,-1.0055445866395438
13,2018,-0.2727794138669527,1,0.7506093055538026
13,2019,0.4572256777334678,1,0.35848246182289734
13,2020,0.5594350177371863,1,1.32406841984841
14,2010,0.16971976058042754,0,-0.19362663188014032
14,2011,0.545903959848864,1,-0.060374095055752
14,2012,0.6450190206253759,1,0.5208895535899688
14,2013,0.1490494200000212,1,1.3399926625163314
14,2014,-0.4379628815345452,1,-0.12465441983452086
14,2015,-0.13820458341826822,1,0.21728710956212743
14,2016,-0.4721279020055437,1,-0.33990751730218743
14,2017,-0.07525148249737643,1,-0.17424300167745227
14,2018,0.4675368320769901,1,0.17446268562816383
14,2019,0.029361488297023834,1,0.6191201275295024
14,2020,0.041562884350737024,1,-0.23499584858002573
15,2010,-0.30807194801373,1,0.578052544128355
15,2011,-0.09887198463957346,1,-0.2523232883768548
15,2012,0.4849109466050056,1,0.7830453241293923
15,2013,0.25483600901259906,1,0.02921682790446729
15,2014,-0.14258095953135755,0,-0.5212796802914561
15,2015,-0.22661838681299248,1,-0.20205336507494465
15,2016,-0.1073440597226425,0,0.18939435788476808
15,2017,0.6623450783447549,1,1.3197415452634056
15,2018,-0.208359701518915,1,-0.24400170909115065
15,2019,-0.320539301395876,1,0.03976172004580556
15,2020,-0.05729607391227005,1,0.5386625493605995
16,2010,-0.25170935559115215,1,0.5979811303783786
16,2011,0.5407659484449541,1,0.9513213692518743
16,2012,-0.05199756256001771,1,-0.703678960174206
16,2013,-0.3608531194151907,1,0.20757953702475396
16,2014,0.8971195965109756,1,0.030701554312581886
16,2015,-0.2145296163259207,1,0.1393513650794897
16,2016,-0.22958839637005574,1,-0.021867916220551554
16,2017,-0.07385537039543219,1,-0.038819241904974926
16,2018,0.2267886616756136,1,0.3497746351980274
16,2019,0.1987379726691788,1,0.6534948921597029
16,2020,-0.2943623473292222,1,0.17082233863843477
17,2010,-0.589580126839333,1,-0.23725485844663888
17,2011,0.331031681299738,1,0.8116777281051325
17,2012,0.7515027171937994,1,0.7466351271021752
17,2013,-0.36139489106039163,1,-0.5223260904473793
17,2014,-0.03667162024112513,1,0.19588407783018524
17,2015,-0.2428500788456029,1,0.23169324168711486
17,2016,-0.07855834862576226,1,-0.2154275453571203
17,2017,-0.747871459785388,1,0.22293596466165772
17,2018,0.40032739080863555,1,0.8215763411349961
17,2019,-0.11932709106576021,1,0.7069384495371891
17,2020,0.20338268071109253,1,0.5419071511360597
18,2010,0.23189437261492873,1,0.6647455803156331
18,2011,0.15391078711916617,1,0.23901679747799812
18,2012,0.8245026040987913,1,1.6837153647911876
18,2013,-0.07004062006270916,1,0.6040084328553549
18,2014,0.49384140331608356,1,1.0327856729231086
18,2015,-0.08461182918851493,1,0.028209970532559095
18,2016,0.20258752807231323,1,0.25179882290840055
18,2017,0.267426876577998,1,1.7754495747372872
18,2018,0.01652742795875692,1,-0.3408499507843557
18,2019,0.5309767763106837,1,0.9082716720129266
18,2020,-0.2103846115041403,1,-0.5692471516262566
19,2010,-0.19512261021181793,1,0.11549380515373833
19,2011,0.10227880255579196,1,0.4992534294726589
19,2012,0.1165670427144464,1,0.3548153578921279
19,2013,-0.09306713156923122,1,0.16754037356629067
19,2014,-0.10977307587390846,1,0.30250449094871085
19,2015,0.18345283571089688,1,-0.03423766400555324
19,2016,-0.407588971789085,1,0.7902617079801039
19,2017,0.17077606543570903,1,0.3218469389961219
19,2018,0.3737112565050157,1,0.7096406862497486
19,2019,-0.31758440050516806,1,1.0033282782830542
19,2020,0.40000646270548484,1,1.1012490896174747
20,2010,-0.1435653254567518,1,-0.5626676516517564
20,2011,-0.2644931964567267,1,-0.0005178800736010033
20,2012,0.1365580789116705,1,-0.15458159701904123
20,2013,-0.3131137201230953,1,-0.7836717388837303
20,2014,0.2796217334280299,1,0.5801235688188885
20,2015,-0.001621670277416247,1,0.5662578150177643
20,2016,0.14314569864758778,1,0.44442170576547696
20,2017,0.2529625987984436,1,0.8036393688997363
20,2018,-1.1686287053422322,1,-0.23736966636386195
20,2019,-0.34475083427151954,1,0.4084394993893132
20,2020,-0.385649943622663,1,-1.0861330009711287
21,2010,0.04995365154147429,1,-0.48242449533211845
21,2011,-0.3870543243794075,0,-0.5813399564833289
21,2012,0.15228394663879147,1,0.2745352441810542
21,2013,-0.14447957358352637,1,-0.5207769634541959
21,2014,-0.65916768798987,1,-0.10888031271173094
21,2015,0.5477110593531603,0,-0.39301589155083044
21,2016,-0.1956581351443082,1,-0.185689458511775
21,2017,-0.14760411403940102,1,-0.23044308928577117
21,2018,0.15452441809341524,1,0.1365185849636581
21,2019,-0.03586437126673658,1,-0.29884399927849087
21,2020,0.30112343547163006,1,0.1621523856027142
22,2010,-0.14863002981705123,1,-0.4493322423283529
22,2011,0.20550193663703434,0,-0.761242565797993
22,2012,0.2827026686846913,1,0.4954432198890409
22,2013,0.46390682340498696,0,-0.18283466510161384
22,2014,-0.19213102505202806,1,0.6377717975158813
22,2015,0.8450989624382232,0,0.7926181220835733
22,2016,0.027391203132754893,1,-0.11464258471257525
22,2017,-0.12062503286364284,1,0.017199452764876593
22,2018,-0.19495354645119595,1,-0.1316095920950832
22,2019,-0.18896936462254008,1,-0.17048124863675876
22,2020,-0.016940147526998302,1,-0.6117274162033185
23,2010,-0.3122394271560381,1,-0.09066208815199463
23,2011,-0.611912235441734,0,-1.0184326906074872
23,2012,0.25166407414509734,1,0.780394331568582
23,2013,0.3956948363302911,1,0.7906633109451897
23,2014,0.2432901811378885,1,0.6852534288713125
23,2015,-0.04534837485350751,1,-0.34509668930058407
23,2016,0.3821505979093267,1,0.6489878690147277
23,2017,0.31933777043089673,1,0.923043938167927
23,2018,0.021695133398653987,1,0.24983689376878027
23,2019,-0.13133107553500062,1,-0.24845708226220437
23,2020,0.16607713986813177,1,-0.10909648959094609
24,2010,-0.13286253544577536,1,-0.30395507531819355
24,2011,0.08532669000063094,0,0.5209112530287993
24,2012,-0.06017489429900158,0,-0.48502575607846843
24,2013,-0.49589364608491415,1,-0.46390718160080036
24,2014,-0.17179753932106512,1,0.5000134450185163
24,2015,0.05616371520247672,1,0.3140310574177059
24,2016,-0.3097830180926907,1,0.3744588491873685
24,2017,0.06478280562761589,0,0.5632780782324067
24,2018,0.5088284819087254,1,1.4673138485524917
24,2019,-0.1733890148164465,1,0.3071169551815627
24,2020,-0.3065503927505329,1,0.7600558753965333
25,2010,-0.2774230465430969,1,-0.37492261318770226
25,2011,0.30564049099230317,1,0.9027943819916202
25,2012,0.20217259175108293,1,0.9874032078626429
25,2013,0.11626349471673356,1,1.066523704133923
25,2014,0.25646654750864767,1,0.37146769967007526
25,2015,1.031730588773324,1,1.9136119357511883
25,2016,0.5904234951691518,1,1.278389522603917
25,2017,0.06494353723615008,1,0.794364175378185
25,2018,0.16952183289972367,1,0.5745048351611249
25,2019,-0.26220843527440413,1,0.8510485875446754
25,2020,0.46765917253139655,1,0.41530761661453675
26,2010,0.00634567070997577,1,0.5749533538719079
26,2011,-0.17430972989851712,1,-0.40199915386835006
26,2012,0.22227607844065336,1,0.4423220179062377
26,2013,-1.0888499204452033,1,-0.16952023328489546
26,2014,0.0765049188438594,1,0.9033678951680865
26,2015,-0.37522485522481586,1,0.26573181903636095
26,2016,0.3484349598249733,1,1.31285676666479
26,2017,0.08653232053364301,1,-0.10721536266397028
26,2018,0.026412397732532983,1,-0.4157953264235168
26,2019,0.19878201140372176,1,0.2349322521403608
26,2020,0.23397332557037043,1,0.10820352523687404
27,2010,0.34651961904663575,1,0.6129738047764932
27,2011,0.4052013912854297,1,0.8846758294417867
27,2012,-0.029675384896371674,1,-0.3919834019781251
27,2013,0.1903179703278803,1,-0.2964317015359189
27,2014,-0.33239926396554587,1,-0.2878592397043581
27,2015,-0.22331717567456133,1,0.16000038344080125
27,2016,0.09260377151141547,1,0.8115347133042127
27,2017,1.1863254281486908,1,2.2642429939775877
27,2018,-0.1807856843881415,1,0.4459012539000754
27,2019,1.06082771127663,1,2.225637498861212
27,2020,-0.24535356403941513,1,0.20375931546083315
28,2010,0.3627262053489648,1,0.7540629200427874
28,2011,0.8162127839682846,1,1.3548464312250044
28,2012,0.9764128745644499,0,0.6448579243067158
28,2013,-0.07726404494240859,1,0.7097268628461115
28,2014,0.8716759339168175,1,1.2739946818353962
28,2015,0.3512924790734601,1,-0.3834931330863398
28,2016,0.1274249811143285,1,0.473966037726456
28,2017,0.28919916423340924,1,-0.06470441906128577
28,2018,-0.5569126182656354,1,-0.14238715204741326
28,2019,0.299722892639874,1,0.2714269060266973
28,2020,-0.2328446360321964,1,-0.010318126435072893
29,2010,0.03909526529776768,1,0.4487824029235848
29,2011,0.20658076913671267,1,0.9116001378010548
29,2012,-0.3008636630125724,1,0.35480366114839756
29,2013,-0.23174722417876775,1,-0.2172834814126027
29,2014,-0.28411913943777717,1,0.1700627091435906
29,2015,-0.09503915814056252,1,1.7497904628561578
29,2016,0.22972206713093316,1,0.336852281346307
29,2017,0.024918247707531177,1,0.3380250609259857
29,2018,0.24564360924508205,1,0.8419739156308061
29,2019,0.04235560479335323,1,-0.5855222777744089
29,2020,0.16127720100687123,1,0.796435935827298
30,2010,0.39716192105126147,0,0.5184656782655473
30,2011,0.2093188494720312,1,0.8804474309628808
30,2012,0.7741994159900768,0,0.22591745455074852
30,2013,-0.010872043086642452,1,0.2544310855474877
30,2014,0.21397793268274518,1,-0.5490059121586344
30,2015,-0.15395978953264,1,-0.5024421975536657
30,2016,0.9836439473925936,1,0.8838665636356434
30,2017,0.32845938557532783,0,-0.045168287753879655
30,2018,0.5540960966467458,1,0.609475271440431
30,2019,0.17848230449961683,1,0.3872757679180022
30,2020,-0.008616781083794572,1,-0.29951940487030404
31,2010,0.2776397928141598,1,0.1278875285079694
31,2011,0.812048476076816,1,0.29744280277132545
31,2012,0.21788460500095325,1,1.2317592532208457
31,2013,-0.22365980257596568,1,0.2783299572235508
31,2014,0.6512503755760519,1,0.47315471825693683
31,2015,0.06325496604166098,1,0.7403447449001948
31,2016,0.16288346415273558,1,0.47939171176231843
31,2017,0.22720181803793937,1,0.2795489897113077
31,2018,-0.23896176827843046,0,-0.6558115253823533
31,2019,-0.18214829416635359,1,0.17217968814777118
31,2020,-0.2804487311473698,1,-0.009220053489091117
32,2010,-0.20501160388149425,1,-0.39103255766412026
32,2011,0.5416553957856881,1,0.8705767723197688
32,2012,-0.44138334575421817,1,0.6507501605782777
32,2013,-0.14119908669594552,1,-0.08192980318820216
32,2014,-0.27041021795346576,1,0.14029031386258559
32,2015,-0.669200987275923,1,0.17834186204366315
32,2016,0.8509574396039411,1,0.8832847666026561
32,2017,-0.44975758121145787,1,-0.16212826000923117
32,2018,0.23437205523828528,1,0.4628511997411479
32,2019,0.1696037515534061,1,0.37233505269692974
32,2020,-0.26003775505037496,1,0.1609505678256337
33,2010,0.07674097115442778,1,0.11755485161408123
33,2011,-0.37167972385169656,1,-0.5145723641554928
33,2012,0.24645736629244944,1,-0.24643503654196908
33,2013,-0.4060333624461118,1,0.8568686880689157
33,2014,0.3059412515535726,1,0.12575387324773452
33,2015,0.3020537366361261,1,-0.4331523115624635
33,2016,-0.2815870134957183,1,-0.7899686826069539
33,2017,-0.05329984342059191,1,0.7054793981173435
33,2018,-0.26491764581321814,1,0.19305606338163123
33,2019,0.1500974763599953,1,-0.08316318391257317
33,2020,0.49071022051765006,1,1.2649656449036937
34,2010,0.2107987032335127,1,0.44548043152792405
34,2011,-0.33572932800960803,1,0.031543898170167166
34,2012,0.2091229834531718,1,0.150020309652229
34,2013,0.2300686495243138,1,1.2780135441411684
34,2014,-0.21028001104206562,1,0.7666630830203135
34,2015,-0.14237017000125582,1,-0.7099237171959388
34,2016,0.35686136067421,1,0.29498250633185424
34,2017,0.5478018165282045,1,0.42355193137463804
34,2018,0.10451947827030537,1,0.48714067977371683
34,2019,-1.0903989629892183,1,0.9726276052112207
34,2020,-2.3896580580338944,1,-1.426356647230193
35,2010,-0.2898038480081315,1,-0.08838478021105955
35,2011,0.06308282809674619,1,0.16491905003772614
35,2012,0.017567667102282174,1,0.13940904650291733
35,2013,0.33980774416324366,1,0.2585845113114727
35,2014,0.37899779562693037,1,-0.16304904291972286
35,2015,0.1940477932416867,1,1.00371819539473
35,2016,-0.6465783706798922,0,-0.6819496775995528
35,2017,-0.05999533812054422,1,-0.19048078865585472
35,2018,0.37146265109215443,1,0.17667176823742475
35,2019,-0.3061087664454888,0,0.09179385726037816
35,2020,-0.03198373961052455,1,0.41308192498051566
36,2010,-0.5032962400840535,1,-0.23740809629400655
36,2011,0.5487537074346952,1,1.04503857490184
36,2012,0.9977434889254582,1,2.0242363506157792
36,2013,0.18422036809000136,1,0.42448626743273055
36,2014,0.7162621260887844,1,0.9118603808638167
36,2015,0.42152904046495454,1,1.261774465038843
36,2016,-0.011128893077716553,1,0.5903306147531648
36,2017,0.2750855717881745,1,0.8274153222301902
36,2018,0.495684022363654,0,0.9061922876965823
36,2019,0.015220170833285848,1,0.3962128284435368
36,2020,0.1124329879968596,1,1.0894487767850942
37,2010,-0.29311809684963713,1,-0.3565209654414003
37,2011,0.1702333042678159,1,0.3820684049994105
37,2012,-0.01964829967459905,1,0.24230471629099046
37,2013,-0.1868695221160367,1,0.22956102251112545
37,2014,-0.6065057354070138,1,-0.5625090165680644
37,2015,-0.641831013560075,1,-0.4638450351406853
37,2016,-0.05666931461428743,1,0.4984132792627917
37,2017,0.4441196086638538,1,1.1733075799886115
37,2018,0.44115750680926674,1,0.3520953737833951
37,2019,0.16866425085744893,1,0.6797265970941826
37,2020,0.5486151853722415,1,0.2037928977538466
38,2010,0.7136909612009253,1,-0.12963017246254727
38,2011,-0.6866662544797479,0,-0.025642497635903982
38,2012,0.03381730353741697,1,0.6887634687336905
38,2013,-0.35872360937927456,1,0.43883917294056984
38,2014,0.4519343483383135,1,1.0838368853411318
38,2015,0.22881355992339042,1,0.627155665674292
38,2016,-0.175066688460939,1,0.32444198144497977
38,2017,-0.28594606976627474,1,0.24307211848862936
38,2018,0.049527907893775355,1,0.4655786772503189
38,2019,-0.03979257917972764,1,-0.04277058724621839
38,2020,0.18484272794832882,1,0.03067106729804166
39,2010,0.3548282245941345,1,0.9246509878055519
39,2011,0.025915189681203765,1,0.34752780942946365
39,2012,-0.5695639235017328,1,-0.3421390649681606
39,2013,0.09607981155965148,1,0.8797925298991005
39,2014,-0.16986215612949412,1,0.6746039610884967
39,2015,0.9860311465066091,1,1.2124302217531
39,2016,0.35809550828242837,1,0.6259725827178083
39,2017,-0.3569690385280989,1,1.0149456085926756
39,2018,0.6050308674465784,1,1.235332593011289
39,2019,-0.418750459127065,1,-0.39482149555844825
39,2020,0.19285100899929328,1,1.2364879014613597
40,2010,0.20056819158771766,1,-0.17867480489432874
40,2011,0.7534506194660647,1,0.48566677878146103
40,2012,-0.15357559367342286,1,-0.1764715288249829
40,2013,-0.43015910446245736,1,-1.015574157194183
40,2014,-0.3665815433159345,1,-0.17476553376396567
40,2015,-0.2800131767989934,1,-0.4972841074261563
40,2016,-0.017902394135001786,1,-0.21879539332056383
40,2017,-0.3058320612666387,1,-0.33255598102441375
40,2018,-0.16548626161169935,1,-0.16794706246937724
40,2019,0.40828662800637056,1,0.994037905339162
40,2020,0.24754469604482707,1,0.3057725068751597
41,2010,-0.9956079431344594,1,-0.5028315955481855
41,2011,-0.6415495678100216,1,-0.26404929350337136
41,2012,-0.2941915814471142,1,0.3340381259612451
41,2013,-0.37322268724727814,1,0.19407283192121763
41,2014,0.23821956281790424,1,0.35740818753925635
41,2015,-0.13584300199373622,1,-0.4048252484534296
41,2016,1.266535393101243,1,0.822532091187622
41,2017,0.08632502682832308,1,0.8472404747410808
41,2018,-0.5043818460629861,1,0.33305440544129655
41,2019,-0.1852008557081991,1,0.03286044555130866
41,2020,-0.041714647036107444,1,0.25109233384352886
42,2010,0.3925640130976313,1,0.23674087671258823
42,2011,0.1209974170950989,1,-0.28292744499068506
42,2012,-0.5306776429506966,0,0.34642415886815114
42,2013,1.1332073522825443,1,0.6259249257333358
42,2014,0.2933513640988427,1,0.3777546682507745
42,2015,-0.6684667197205529,1,-0.27289738407687014
42,2016,0.7433055026144917,1,-0.078345852214644
42,2017,-0.21413148720382733,1,-0.7368933573484794
42,2018,0.0348534010322789,1,-0.5525310787410653
42,2019,0.26095548937949264,1,0.13422092464357305
42,2020,-0.18553391984893125,1,0.1327322819895039
43,2010,-0.05235785453549232,1,0.15372177888360372
43,2011,1.0217923994343698,1,1.001145859367373
43,2012,-0.07249032454750717,1,-0.32792999929839706
43,2013,-0.15153612270494923,1,-0.03724602016634168
43,2014,0.6109664454657386,1,1.0963282811832553
43,2015,0.19094593066587445,1,0.7343049760268345
43,2016,-0.05834253418023522,1,0.41799847316395383
43,2017,-0.5255941702611134,1,-0.4581183868550541
43,2018,-0.09211491206499899,1,-0.351646229745779
43,2019,-0.008617575121846984,1,0.04227634354555302
43,2020,0.1754642783381665,1,0.7371055690538685
44,2010,-0.23492096403874738,1,-0.8159949167135313
44,2011,-0.05396993671766931,1,0.2898341968673517
44,2012,-0.24672937949533544,1,0.17777482160854524
44,2013,-0.08124378248489003,1,0.22956430989249288
44,2014,-0.2214230023951691,1,0.25369295142936593
44,2015,0.27125741186856434,1,0.3305304752151399
44,2016,-0.16037064206959153,1,-0.6161927680779148
44,2017,-0.5721433051732714,1,-0.22726033911772314
44,2018,-0.027895457367061567,1,0.47254823297178705
44,2019,-0.09542736968148058,1,0.2489115467330231
44,2020,0.2627527255535318,1,0.6468570188235508
45,2010,0.4671381042200847,1,0.7638407118322533
45,2011,-0.326993777254912,1,0.5128038462664231
45,2012,0.17880174700108717,1,0.018286800407937842
45,2013,-0.12485277207946793,1,-0.02366013316776573
45,2014,-0.01864819149588123,1,0.578254496127057
45,2015,-0.4758932942478394,1,-0.10595193010046004
45,2016,-0.03981952203041974,1,-0.5980648001387623
45,2017,-0.20207453512783485,1,0.3400498724548167
45,2018,0.177185456113638,1,0.48648865438240807
45,2019,0.3183239083469957,1,0.8049095190916531
45,2020,-0.29444446296397286,1,-0.047759431243986405
46,2010,0.17430469791170924,1,0.19091437098195554
46,2011,-0.3826264211965691,1,-0.2775587168131907
46,2012,-0.26789270339948307,1,-0.07895314639405704
46,2013,-0.36359260616432787,1,-0.16468343595943943
46,2014,0.7670195323435414,1,1.3134216565536083
46,2015,-0.4017122433741872,1,-0.1476170106072209
46,2016,-0.432268151634329,1,-0.24132823167809173
46,2017,-0.6628095877154854,1,-1.0615661571046933
46,2018,-0.6895800320482909,1,-0.5315691443520962
46,2019,-0.34900064109055595,1,0.1324440187610718
46,2020,0.007997233688882208,1,0.40695056964257414
47,2010,0.46819970277272605,1,0.9084359663845192
47,2011,0.2911443213909487,1,0.9040060247360212
47,2012,1.1085450727848447,1,0.7831651740702936
47,2013,0.41826059035031476,1,0.4230802161776223
47,2014,0.010111627725211363,1,0.46472335052726915
47,2015,-0.6378440334299751,1,0.0959936939979571
47,2016,0.99435800966304,1,0.7312123414908597
47,2017,0.2774347896357425,1,0.3906141137573848
47,2018,-0.16392674863780224,1,0.6674294673017008
47,2019,-0.14429101283441462,1,0.17982590146067992
47,2020,0.2920489455067691,1,1.3535549334943617
48,2010,-0.6944148239671553,1,-0.03694608129575448
48,2011,0.12165812120398156,1,-0.5614491731031004
48,2012,-0.041855910455701036,1,0.12297053355438192
48,2013,-0.11291904545352073,1,1.3505034974620491
48,2014,0.165440586788676,1,0.3998277103188404
48,2015,-0.2522478909715514,1,0.5765871903748071
48,2016,-0.6449228656739938,1,-0.1414289751934832
48,2017,0.5650602272328784,1,0.7536304698519025
48,2018,0.2917527792438289,1,0.4932695876799789
48,2019,-0.04290493886913932,1,0.7172784384906706
48,2020,0.20789470855022954,1,0.4731082421070901
49,2010,-0.4445960084657601,1,-0.04743372080411756
49,2011,0.27391172693139093,1,0.6708932360575648
49,2012,0.16632959947004988,1,0.7035538313656109
49,2013,0.10700378675461024,1,0.08181311396106201
49,2014,-0.24204585023337163,1,-0.1296104626796926
49,2015,-0.5581373072477993,1,-0.331988881009441
49,2016,-0.624938808725587,1,0.7169870499909355
49,2017,-0.28860558237262396,1,-0.039221152514791364
49,2018,-0.5379918818369308,1,0.2796039583345091
49,2019,0.25990068986838816,1,1.1416697087792662
49,2020,0.060553397181156106,1,0.07332571488422958
50,2010,0.1527910072055682,1,-0.0035376297653251674
50,2011,-0.2930221978842521,1,-0.0526584221967429
50,2012,-0.1648178906833748,1,0.10336612141665498
50,2013,0.6535710221596499,1,1.602334506325123
50,2014,-0.48515999916706765,0,0.05354696745212173
50,2015,-0.22680160367409918,1,-0.8596015290375354
50,2016,-0.1888162014358501,1,0.13075601521989053
50,2017,-0.5036641283958788,1,0.01181197160766096
50,2018,-0.2989914106250614,1,0.004857373597830402
50,2019,-0.3928728011351414,1,-0.42238330084601056
50,2020,-0.25563406711714587,0,-1.195967721010946
51,2010,-0.4645213510654508,1,-0.21065735094642848
51,2011,-0.6773913406863511,1,-1.0559478107292797
51,2012,0.26538358049603167,1,-0.001657075311727477
51,2013,0.8693083053491727,1,0.19796905011450155
51,2014,-0.24067777682035532,1,-0.20883786303838825
51,2015,0.2328241090052133,1,0.299990413209448
51,2016,0.1385853406352759,1,0.24018597562095373
51,2017,-0.2897006439658357,1,-0.41936274668441187
51,2018,-0.3322579507897223,1,-0.09495376727007225
51,2019,-0.5087241842364593,1,-0.25698342660601375
51,2020,-0.6710126017733501,1,-0.3009424857116674
52,2010,0.3605716100392474,1,0.2661408747438967
52,2011,-0.4582672444873899,1,-0.362072565743118
52,2012,0.724139677569288,1,0.08399735412796536
52,2013,0.4422002779547434,1,0.24383855001221033
52,2014,-0.5801381836163142,1,-0.5978128983754875
52,2015,-0.42681078863527466,1,-0.02519391501969838
52,2016,0.21357207312272933,1,0.07541786445633734
52,2017,0.6520931519399545,1,0.7182906762534115
52,2018,-0.9752772620401435,1,-1.226677283406293
52,2019,0.4683838510867245,1,-0.15997479124579403
52,2020,-0.405558069340538,1,-0.7467977123082207
53,2010,-0.24151619563163268,1,-0.7477498955779889
53,2011,0.16001960658015962,1,0.6118001719202106
53,2012,-0.18638399073776477,1,-0.715625867112176
53,2013,0.49281090034284486,1,0.5172098070767396
53,2014,-0.17979544046717133,1,0.5075637234177223
53,2015,-0.041571366303749746,1,0.18370793458861667
53,2016,0.31192331475773466,1,-0.2921301475802141
53,2017,-0.8231555579364314,1,-0.4893803353384589
53,2018,-0.14831520625550837,1,0.6278540019342496
53,2019,-0.15574141313932666,1,0.4386415548481532
53,2020,0.04356483575517741,1,-0.2499112450027787
54,2010,0.8379216717034538,1,1.0301773916875117
54,2011,0.8029742306597588,1,0.4013928882787264
54,2012,0.25169763158399455,1,-0.11748165342533666
54,2013,-0.0373937186050656,1,-0.44167062393806544
54,2014,0.07998266083355696,1,0.8103894443457705
54,2015,0.19094274306100328,1,0.742869682914729
54,2016,0.5874374395114887,1,0.8425717204384534
54,2017,-0.2568004332933569,1,0.34959920020785473
54,2018,-0.01823765355131235,1,1.0599209516345902
54,2019,-0.08332010916410505,1,-0.247529655067459
54,2020,0.17142019847672887,1,0.27629956259700417
55,2010,0.3278733958918828,1,0.36498331279103974
55,2011,-0.42703728741111097,1,0.3880148146669122
55,2012,0.8223206506169985,1,1.1112369178883206
55,2013,0.2321735073419262,1,0.6227993701384618
55,2014,-0.13922899464152869,1,-0.3865289775525716
55,2015,0.05283459274102742,1,-0.08590667498320842
55,2016,0.17300338532170803,1,0.9256720674078712
55,2017,-0.3660529079699928,1,-0.9063014971555102
55,2018,0.7487538814521576,1,0.8131786652665617
55,2019,-0.054944555646182315,1,0.30478997195018454
55,2020,0.6197478204137209,1,0.8641353364614893
56,2010,-0.13407993689596961,1,0.09231081045959515
56,2011,-0.5388688700010204,1,0.284847270283446
56,2012,-0.7944762270354023,1,-0.4286570277847658
56,2013,0.009576585345506958,1,0.43811828497960453
56,2014,0.16298931545993578,1,0.32815593478159066
56,2015,0.17393047611015627,1,-0.28400859178348226
56,2016,-0.1636750277497713,1,-0.24613979643567643
56,2017,-0.16282042241743938,1,-0.3730879204525435
56,2018,0.2208491982120419,1,0.45148130051894275
56,2019,0.15443650577341542,1,0.5174897504083484
56,2020,-0.11833887193791526,1,0.20710909403298627
57,2010,-0.34527842986903745,1,0.9492307158051306
57,2011,0.22555652769798926,1,0.6207766664555444
57,2012,-0.7627095892109507,1,-0.7455033135270819
57,2013,0.13056259698060982,1,0.3117089921099986
57,2014,-0.524650235096502,1,0.11300166379562386
57,2015,0.26382840173113953,0,0.4305007830399294
57,2016,-0.055572373964906496,1,-0.00018124704238028458
57,2017,0.02405342100890004,1,0.21009380390267934
57,2018,0.3774222891087362,1,1.8247416159958263
57,2019,0.5628099417436845,1,0.5254904394555121
57,2020,0.21558625848862606,1,0.8476070898825789
58,2010,-0.6312476848983635,1,-0.04799600025007541
58,2011,-0.30587056670064133,1,0.12831133337220696
58,2012,0.5332777224202518,1,1.5590847167275599
58,2013,0.5717929476355286,1,0.37885227607161176
58,2014,-0.5769255707257145,1,-0.5144874999650013
58,2015,0.507937401030804,1,1.0750837189860591
58,2016,-0.21826169210674845,1,0.20410107174326855
58,2017,-1.0530419273045144,1,0.655359622569406
58,2018,-0.3215648473101795,1,0.08262635269666381
58,2019,0.4000102303953159,1,0.5864028279819746
58,2020,0.9322029831456642,1,0.6599894294864181
59,2010,0.24212982706105451,1,1.0170053315064274
59,2011,-0.32450611546897273,1,0.8095667738200817
59,2012,-0.2159098341008237,1,-0.060788749724085545
59,2013,0.21723374456728053,1,1.1998464735311738
59,2014,0.4863512637283904,1,0.8553585285617569
59,2015,0.14308856010626167,1,1.037428530431754
59,2016,-0.6324415979540169,1,-0.3890024936006419
59,2017,-0.7857742161835628,1,0.14586887015542974
59,2018,0.5519654996387369,1,1.1026632359833888
59,2019,-0.4081426656737215,1,0.062317911533595595
59,2020,0.45064830886249463,1,0.41515274231001137
60,2010,0.36657756127614605,1,-0.12345954963131162
60,2011,-0.8733614949680055,1,-0.532131621458666
60,2012,-0.11297090996937727,1,-0.253271570563566
60,2013,-0.780415358747983,1,-0.6683074282518486
60,2014,-0.7930576358991646,1,-0.91257145659391
60,2015,-0.10632657499783209,1,-0.41001512803622653
60,2016,-0.0603054517182474,1,-0.05109044916925759
60,2017,-0.40491139942327947,1,-0.7844178832112646
60,2018,0.7606603929496052,1,1.0170008856977022
60,2019,-0.28340079463369194,1,-0.4067421633476815
60,2020,-0.3885344627707493,1,0.46753570782408865
61,2010,-0.34501616203939134,1,-0.8800481096812459
61,2011,0.16606420383132386,1,0.17759572731060203
61,2012,0.7750500088182809,1,1.0029829151349836
61,2013,0.033361830763441125,1,-0.007605367128782421
61,2014,0.02150673781609272,1,0.26208676002316256
61,2015,-0.077894418432512,1,0.07343427562826473
61,2016,-0.3725323895554874,1,-0.4284177858230139
61,2017,0.29450555104586573,1,0.03200616107443145
61,2018,-0.45271390683109747,1,0.7727525142787313
61,2019,-0.6670028537967173,1,0.020552726157431173
61,2020,0.1975716135104964,1,-0.03040961017590547
62,2010,0.09136320112217855,0,-0.9837596124605523
62,2011,-0.6408128495056117,1,-0.581937354166111
62,2012,-0.2557019441164675,1,-0.3579840323351706
62,2013,0.007557563285227146,1,0.13241002226640805
62,2014,-0.4166128505973806,1,-1.3136392884364687
62,2015,-0.7275690908309473,1,0.6035967865610599
62,2016,-0.1934829850738569,1,0.020874561052341107
62,2017,-0.31540632384814926,1,0.16812536329343658
62,2018,0.404336484302326,1,1.1189481360022904
62,2019,-0.4638238754367661,1,-0.22404583438041015
62,2020,-0.7227923987805308,0,-0.21773128587273288
63,2010,0.699790199309104,1,0.540439246869601
63,2011,-0.2880457794807708,0,-0.10694639127777261
63,2012,0.6352771876926563,1,0.24101657311458308
63,2013,2.530593953783977,0,2.8167891686098194
63,2014,-1.0590795086372462,1,-0.943185001957459
63,2015,-0.087104227167089,1,0.3228785075076509
63,2016,-1.6212537724231917,1,-2.6977636509807232
63,2017,0.14582437715652619,0,-0.263182730259758
63,2018,0.16926506081437612,1,-0.2781481450851276
63,2019,-0.7370566044220592,1,-0.8743277127160629
63,2020,-0.5059141348681895,0,-0.42222006464804795
64,2010,0.29914581531615914,0,1.301544203387321
64,2011,-0.3270347708196096,1,-0.23781919203884705
64,2012,-0.07687431486580666,1,0.39463685085443806
64,2013,0.5354080156081678,1,0.940911495929786
64,2014,-0.012499647046924411,1,0.2794665885644855
64,2015,-0.33115661763452037,1,-0.3676484554548662
64,2016,0.11773486143718777,1,0.3219762984542092
64,2017,-0.28288218766297213,1,-0.48845423464505466
64,2018,-0.17743016456803376,1,-0.23667179587071221
64,2019,-0.05950422722517423,0,0.6767724464890186
64,2020,0.8126098668832534,1,0.6463202067968604
65,2010,-0.14418585530985092,1,0.8065419446982978
65,2011,-0.6429142782899208,1,0.16994016810217794
65,2012,-0.4827979453417428,1,-0.350431789741073
65,2013,0.07213224313677816,1,0.45619369230441315
65,2014,0.6263634071147786,1,0.3364394867051729
65,2015,0.2636083933582862,1,0.4824605801631307
65,2016,0.05773060340578092,1,0.12440658527588672
65,2017,0.037534029049214344,1,0.46942242671979933
65,2018,-0.18512661062885843,1,-0.021965873044950103
65,2019,-0.6798085336773173,1,0.10848481451588488
65,2020,0.029328393548039407,1,0.7834564813295499
66,2010,0.11632884469778916,1,0.5517974644025573
66,2011,0.4136531274405759,1,-0.03734573388890574
66,2012,0.0007121405455494112,1,0.5309722942938966
66,2013,-0.12739116564416328,1,0.664467968915207
66,2014,0.1495439080118024,1,0.40379208588987875
66,2015,-0.16348346139395106,1,0.3678930959204665
66,2016,0.3220542150867435,1,0.4821369237144136
66,2017,-0.382918992996735,1,0.17341209253129478
66,2018,0.5373412199360204,1,1.3417699404870815
66,2019,-0.17841564815400268,1,-0.06016142519180814
66,2020,-0.2781985167376541,1,-0.3257315538371538
67,2010,0.4767648263621443,1,0.5512670572275464
67,2011,0.19998809178250518,1,0.2211117411389983
67,2012,-0.14599820990922693,1,-0.14423815639631798
67,2013,-0.26971784088185513,1,0.3890806389863541
67,2014,0.12206096734985934,1,0.5648478058923164
67,2015,0.25784040864116514,1,0.8390015428919627
67,2016,-0.619480214275053,1,0.009563635961896244
67,2017,-0.05247176706932388,1,0.672610004491661
67,2018,-0.45554533075092674,1,0.1325692677565123
67,2019,0.4279769723732019,1,1.5855774985116906
67,2020,0.38142455886910004,1,1.0741055689670755
68,2010,-0.022835032768949805,1,-0.10340004936474345
68,2011,0.4871762524786292,1,0.9663673994875102
68,2012,0.2273423730421566,1,0.354733868985014
68,2013,-0.024462506662574466,1,0.16296096106144817
68,2014,-0.29459258526500115,1,-0.09765056094965698
68,2015,0.14223291612308442,1,0.4673542462888555
68,2016,0.5458433359951217,1,1.7493524234764206
68,2017,-0.14494264007384258,1,0.4921405229509705
68,2018,-0.8018418982495159,1,-1.047238218418647
68,2019,0.1376480359497938,1,1.1050272541121604
68,2020,0.09482310638364098,1,0.7532429174388241
69,2010,-0.3754800990675206,1,0.24822466329575543
69,2011,0.1833386286522244,1,0.5179665097629531
69,2012,-0.3002923453505748,0,0.39294992642084
69,2013,0.045513413073606866,1,0.6289278803173595
69,2014,-0.4730001600667951,1,0.8968175754995924
69,2015,0.04442576862577183,1,0.6971631250433075
69,2016,0.3176455682184452,1,0.1766041065340891
69,2017,0.9876368612122803,1,2.006628934249473
69,2018,0.7455256330567273,1,0.9830229750030636
69,2019,0.2920135775249039,1,1.2451299463630638
69,2020,-0.058504807660806485,1,0.3087466053223926
